<?xml version="1.0" encoding="UTF-8"?>
<GenRun Id="impl_1" LaunchPart="xc7z010clg400-1" LaunchTime="1574195205">
  <File Type="BITSTR-BMM" Name="xadc_bd.bmm"/>
  <File Type="OPT-METHODOLOGY-DRC" Name="xadc_methodology_drc_opted.rpt"/>
  <File Type="INIT-TIMING" Name="xadc_timing_summary_init.rpt"/>
  <File Type="ROUTE-PWR" Name="xadc_power_routed.rpt"/>
  <File Type="PA-TCL" Name="xadc.tcl"/>
  <File Type="OPT-TIMING" Name="xadc_timing_summary_opted.rpt"/>
  <File Type="OPT-DCP" Name="xadc_opt.dcp"/>
  <File Type="ROUTE-PWR-SUM" Name="xadc_power_summary_routed.pb"/>
  <File Type="REPORTS-TCL" Name="xadc_reports.tcl"/>
  <File Type="OPT-DRC" Name="xadc_drc_opted.rpt"/>
  <File Type="OPT-HWDEF" Name="xadc.hwdef"/>
  <File Type="PWROPT-DCP" Name="xadc_pwropt.dcp"/>
  <File Type="PWROPT-DRC" Name="xadc_drc_pwropted.rpt"/>
  <File Type="PWROPT-TIMING" Name="xadc_timing_summary_pwropted.rpt"/>
  <File Type="PLACE-DCP" Name="xadc_placed.dcp"/>
  <File Type="PLACE-IO" Name="xadc_io_placed.rpt"/>
  <File Type="PLACE-CLK" Name="xadc_clock_utilization_placed.rpt"/>
  <File Type="PLACE-UTIL" Name="xadc_utilization_placed.rpt"/>
  <File Type="PLACE-UTIL-PB" Name="xadc_utilization_placed.pb"/>
  <File Type="PLACE-CTRL" Name="xadc_control_sets_placed.rpt"/>
  <File Type="PLACE-SIMILARITY" Name="xadc_incremental_reuse_placed.rpt"/>
  <File Type="PLACE-PRE-SIMILARITY" Name="xadc_incremental_reuse_pre_placed.rpt"/>
  <File Type="PLACE-TIMING" Name="xadc_timing_summary_placed.rpt"/>
  <File Type="POSTPLACE-PWROPT-DCP" Name="xadc_postplace_pwropt.dcp"/>
  <File Type="BG-BIN" Name="xadc.bin"/>
  <File Type="POSTPLACE-PWROPT-TIMING" Name="xadc_timing_summary_postplace_pwropted.rpt"/>
  <File Type="PHYSOPT-DCP" Name="xadc_physopt.dcp"/>
  <File Type="PHYSOPT-DRC" Name="xadc_drc_physopted.rpt"/>
  <File Type="BITSTR-MSK" Name="xadc.msk"/>
  <File Type="PHYSOPT-TIMING" Name="xadc_timing_summary_physopted.rpt"/>
  <File Type="ROUTE-ERROR-DCP" Name="xadc_routed_error.dcp"/>
  <File Type="ROUTE-DCP" Name="xadc_routed.dcp"/>
  <File Type="ROUTE-BLACKBOX-DCP" Name="xadc_routed_bb.dcp"/>
  <File Type="ROUTE-DRC" Name="xadc_drc_routed.rpt"/>
  <File Type="ROUTE-DRC-PB" Name="xadc_drc_routed.pb"/>
  <File Type="ROUTE-DRC-RPX" Name="xadc_drc_routed.rpx"/>
  <File Type="BITSTR-MMI" Name="xadc.mmi"/>
  <File Type="ROUTE-METHODOLOGY-DRC" Name="xadc_methodology_drc_routed.rpt"/>
  <File Type="ROUTE-METHODOLOGY-DRC-RPX" Name="xadc_methodology_drc_routed.rpx"/>
  <File Type="ROUTE-METHODOLOGY-DRC-PB" Name="xadc_methodology_drc_routed.pb"/>
  <File Type="ROUTE-PWR-RPX" Name="xadc_power_routed.rpx"/>
  <File Type="ROUTE-STATUS" Name="xadc_route_status.rpt"/>
  <File Type="ROUTE-STATUS-PB" Name="xadc_route_status.pb"/>
  <File Type="ROUTE-TIMINGSUMMARY" Name="xadc_timing_summary_routed.rpt"/>
  <File Type="ROUTE-TIMING-PB" Name="xadc_timing_summary_routed.pb"/>
  <File Type="ROUTE-TIMING-RPX" Name="xadc_timing_summary_routed.rpx"/>
  <File Type="ROUTE-SIMILARITY" Name="xadc_incremental_reuse_routed.rpt"/>
  <File Type="ROUTE-CLK" Name="xadc_clock_utilization_routed.rpt"/>
  <File Type="ROUTE-BUS-SKEW" Name="xadc_bus_skew_routed.rpt"/>
  <File Type="ROUTE-BUS-SKEW-PB" Name="xadc_bus_skew_routed.pb"/>
  <File Type="ROUTE-BUS-SKEW-RPX" Name="xadc_bus_skew_routed.rpx"/>
  <File Type="POSTROUTE-PHYSOPT-DCP" Name="xadc_postroute_physopt.dcp"/>
  <File Type="POSTROUTE-PHYSOPT-BLACKBOX-DCP" Name="xadc_postroute_physopt_bb.dcp"/>
  <File Type="POSTROUTE-PHYSOPT-TIMING" Name="xadc_timing_summary_postroute_physopted.rpt"/>
  <File Type="POSTROUTE-PHYSOPT-TIMING-PB" Name="xadc_timing_summary_postroute_physopted.pb"/>
  <File Type="POSTROUTE-PHYSOPT-TIMING-RPX" Name="xadc_timing_summary_postroute_physopted.rpx"/>
  <File Type="POSTROUTE-PHYSOPT-BUS-SKEW" Name="xadc_bus_skew_postroute_physopted.rpt"/>
  <File Type="POSTROUTE-PHYSOPT-BUS-SKEW-PB" Name="xadc_bus_skew_postroute_physopted.pb"/>
  <File Type="BG-BIT" Name="xadc.bit"/>
  <File Type="POSTROUTE-PHYSOPT-BUS-SKEW-RPX" Name="xadc_bus_skew_postroute_physopted.rpx"/>
  <File Type="BITSTR-RBT" Name="xadc.rbt"/>
  <File Type="BITSTR-NKY" Name="xadc.nky"/>
  <File Type="PDI-FILE" Name="xadc.pdi"/>
  <File Type="RCFI_FILE" Name="xadc.rcfi"/>
  <File Type="CFI_FILE" Name="xadc.cfi"/>
  <File Type="RNPI_FILE" Name="xadc.rnpi"/>
  <File Type="NPI_FILE" Name="xadc.npi"/>
  <File Type="RBD_FILE" Name="xadc.rbd"/>
  <File Type="BITSTR-LTX" Name="debug_nets.ltx"/>
  <File Type="BITSTR-LTX" Name="xadc.ltx"/>
  <File Type="BITSTR-SYSDEF" Name="xadc.sysdef"/>
  <File Type="BG-BGN" Name="xadc.bgn"/>
  <File Type="BG-DRC" Name="xadc.drc"/>
  <File Type="RDI-RDI" Name="xadc.vdi"/>
  <File Type="WBT-USG" Name="usage_statistics_webtalk.html"/>
  <FileSet Name="sources" Type="DesignSrcs" RelSrcDir="$PSRCDIR/sources_1">
    <Filter Type="Srcs"/>
    <File Path="$PSRCDIR/sources_1/new/xadc.v">
      <FileInfo>
        <Attr Name="UsedIn" Val="synthesis"/>
        <Attr Name="UsedIn" Val="implementation"/>
        <Attr Name="UsedIn" Val="simulation"/>
      </FileInfo>
    </File>
    <File Path="$PSRCDIR/sources_1/new/xadc_test.v">
      <FileInfo>
        <Attr Name="AutoDisabled" Val="1"/>
        <Attr Name="UsedIn" Val="synthesis"/>
        <Attr Name="UsedIn" Val="implementation"/>
        <Attr Name="UsedIn" Val="simulation"/>
      </FileInfo>
    </File>
    <Config>
      <Option Name="DesignMode" Val="RTL"/>
      <Option Name="TopModule" Val="xadc"/>
      <Option Name="TopAutoSet" Val="TRUE"/>
    </Config>
  </FileSet>
  <FileSet Name="constrs_in" Type="Constrs" RelSrcDir="$PSRCDIR/constrs_1">
    <Filter Type="Constrs"/>
    <File Path="$PSRCDIR/constrs_1/new/XADC_constraints.xdc">
      <FileInfo>
        <Attr Name="UsedIn" Val="synthesis"/>
        <Attr Name="UsedIn" Val="implementation"/>
      </FileInfo>
    </File>
    <Config>
      <Option Name="ConstrsType" Val="XDC"/>
    </Config>
  </FileSet>
  <FileSet Name="utils" Type="Utils" RelSrcDir="$PSRCDIR/utils_1">
    <Filter Type="Utils"/>
    <Config>
      <Option Name="TopAutoSet" Val="TRUE"/>
    </Config>
  </FileSet>
  <Strategy Version="1" Minor="2">
    <StratHandle Name="Vivado Implementation Defaults" Flow="Vivado Implementation 2019"/>
    <Step Id="init_design"/>
    <Step Id="opt_design"/>
    <Step Id="power_opt_design"/>
    <Step Id="place_design"/>
    <Step Id="post_place_power_opt_design"/>
    <Step Id="phys_opt_design" EnableStepBool="1"/>
    <Step Id="route_design"/>
    <Step Id="post_route_phys_opt_design"/>
    <Step Id="write_bitstream"/>
  </Strategy>
  <BlockFileSet Type="BlockSrcs" Name="xadc_wiz_0"/>
</GenRun>
