<?xml version="1.0" encoding="UTF-8"?>
<GenRun Id="impl_1" LaunchPart="xc7z010clg400-1" LaunchTime="1574202978">
  <File Type="BITSTR-BMM" Name="nco_bd.bmm"/>
  <File Type="OPT-METHODOLOGY-DRC" Name="nco_methodology_drc_opted.rpt"/>
  <File Type="INIT-TIMING" Name="nco_timing_summary_init.rpt"/>
  <File Type="ROUTE-PWR" Name="nco_power_routed.rpt"/>
  <File Type="PA-TCL" Name="nco.tcl"/>
  <File Type="OPT-TIMING" Name="nco_timing_summary_opted.rpt"/>
  <File Type="OPT-DCP" Name="nco_opt.dcp"/>
  <File Type="ROUTE-PWR-SUM" Name="nco_power_summary_routed.pb"/>
  <File Type="REPORTS-TCL" Name="nco_reports.tcl"/>
  <File Type="OPT-DRC" Name="nco_drc_opted.rpt"/>
  <File Type="OPT-HWDEF" Name="nco.hwdef"/>
  <File Type="PWROPT-DCP" Name="nco_pwropt.dcp"/>
  <File Type="PWROPT-DRC" Name="nco_drc_pwropted.rpt"/>
  <File Type="PWROPT-TIMING" Name="nco_timing_summary_pwropted.rpt"/>
  <File Type="PLACE-DCP" Name="nco_placed.dcp"/>
  <File Type="PLACE-IO" Name="nco_io_placed.rpt"/>
  <File Type="PLACE-CLK" Name="nco_clock_utilization_placed.rpt"/>
  <File Type="PLACE-UTIL" Name="nco_utilization_placed.rpt"/>
  <File Type="PLACE-UTIL-PB" Name="nco_utilization_placed.pb"/>
  <File Type="PLACE-CTRL" Name="nco_control_sets_placed.rpt"/>
  <File Type="PLACE-SIMILARITY" Name="nco_incremental_reuse_placed.rpt"/>
  <File Type="PLACE-PRE-SIMILARITY" Name="nco_incremental_reuse_pre_placed.rpt"/>
  <File Type="PLACE-TIMING" Name="nco_timing_summary_placed.rpt"/>
  <File Type="POSTPLACE-PWROPT-DCP" Name="nco_postplace_pwropt.dcp"/>
  <File Type="BG-BIN" Name="nco.bin"/>
  <File Type="POSTPLACE-PWROPT-TIMING" Name="nco_timing_summary_postplace_pwropted.rpt"/>
  <File Type="PHYSOPT-DCP" Name="nco_physopt.dcp"/>
  <File Type="PHYSOPT-DRC" Name="nco_drc_physopted.rpt"/>
  <File Type="BITSTR-MSK" Name="nco.msk"/>
  <File Type="PHYSOPT-TIMING" Name="nco_timing_summary_physopted.rpt"/>
  <File Type="ROUTE-ERROR-DCP" Name="nco_routed_error.dcp"/>
  <File Type="ROUTE-DCP" Name="nco_routed.dcp"/>
  <File Type="ROUTE-BLACKBOX-DCP" Name="nco_routed_bb.dcp"/>
  <File Type="ROUTE-DRC" Name="nco_drc_routed.rpt"/>
  <File Type="ROUTE-DRC-PB" Name="nco_drc_routed.pb"/>
  <File Type="ROUTE-DRC-RPX" Name="nco_drc_routed.rpx"/>
  <File Type="BITSTR-MMI" Name="nco.mmi"/>
  <File Type="ROUTE-METHODOLOGY-DRC" Name="nco_methodology_drc_routed.rpt"/>
  <File Type="ROUTE-METHODOLOGY-DRC-RPX" Name="nco_methodology_drc_routed.rpx"/>
  <File Type="ROUTE-METHODOLOGY-DRC-PB" Name="nco_methodology_drc_routed.pb"/>
  <File Type="ROUTE-PWR-RPX" Name="nco_power_routed.rpx"/>
  <File Type="ROUTE-STATUS" Name="nco_route_status.rpt"/>
  <File Type="ROUTE-STATUS-PB" Name="nco_route_status.pb"/>
  <File Type="ROUTE-TIMINGSUMMARY" Name="nco_timing_summary_routed.rpt"/>
  <File Type="ROUTE-TIMING-PB" Name="nco_timing_summary_routed.pb"/>
  <File Type="ROUTE-TIMING-RPX" Name="nco_timing_summary_routed.rpx"/>
  <File Type="ROUTE-SIMILARITY" Name="nco_incremental_reuse_routed.rpt"/>
  <File Type="ROUTE-CLK" Name="nco_clock_utilization_routed.rpt"/>
  <File Type="ROUTE-BUS-SKEW" Name="nco_bus_skew_routed.rpt"/>
  <File Type="ROUTE-BUS-SKEW-PB" Name="nco_bus_skew_routed.pb"/>
  <File Type="ROUTE-BUS-SKEW-RPX" Name="nco_bus_skew_routed.rpx"/>
  <File Type="POSTROUTE-PHYSOPT-DCP" Name="nco_postroute_physopt.dcp"/>
  <File Type="POSTROUTE-PHYSOPT-BLACKBOX-DCP" Name="nco_postroute_physopt_bb.dcp"/>
  <File Type="POSTROUTE-PHYSOPT-TIMING" Name="nco_timing_summary_postroute_physopted.rpt"/>
  <File Type="POSTROUTE-PHYSOPT-TIMING-PB" Name="nco_timing_summary_postroute_physopted.pb"/>
  <File Type="POSTROUTE-PHYSOPT-TIMING-RPX" Name="nco_timing_summary_postroute_physopted.rpx"/>
  <File Type="POSTROUTE-PHYSOPT-BUS-SKEW" Name="nco_bus_skew_postroute_physopted.rpt"/>
  <File Type="POSTROUTE-PHYSOPT-BUS-SKEW-PB" Name="nco_bus_skew_postroute_physopted.pb"/>
  <File Type="BG-BIT" Name="nco.bit"/>
  <File Type="POSTROUTE-PHYSOPT-BUS-SKEW-RPX" Name="nco_bus_skew_postroute_physopted.rpx"/>
  <File Type="BITSTR-RBT" Name="nco.rbt"/>
  <File Type="BITSTR-NKY" Name="nco.nky"/>
  <File Type="PDI-FILE" Name="nco.pdi"/>
  <File Type="RCFI_FILE" Name="nco.rcfi"/>
  <File Type="CFI_FILE" Name="nco.cfi"/>
  <File Type="RNPI_FILE" Name="nco.rnpi"/>
  <File Type="NPI_FILE" Name="nco.npi"/>
  <File Type="RBD_FILE" Name="nco.rbd"/>
  <File Type="BITSTR-LTX" Name="debug_nets.ltx"/>
  <File Type="BITSTR-LTX" Name="nco.ltx"/>
  <File Type="BITSTR-SYSDEF" Name="nco.sysdef"/>
  <File Type="BG-BGN" Name="nco.bgn"/>
  <File Type="BG-DRC" Name="nco.drc"/>
  <File Type="RDI-RDI" Name="nco.vdi"/>
  <File Type="WBT-USG" Name="usage_statistics_webtalk.html"/>
  <FileSet Name="sources" Type="DesignSrcs" RelSrcDir="$PSRCDIR/sources_1">
    <Filter Type="Srcs"/>
    <File Path="$PSRCDIR/sources_1/new/sintable.v">
      <FileInfo>
        <Attr Name="UsedIn" Val="synthesis"/>
        <Attr Name="UsedIn" Val="implementation"/>
        <Attr Name="UsedIn" Val="simulation"/>
      </FileInfo>
    </File>
    <File Path="$PSRCDIR/sources_1/new/nco.v">
      <FileInfo>
        <Attr Name="UsedIn" Val="synthesis"/>
        <Attr Name="UsedIn" Val="implementation"/>
        <Attr Name="UsedIn" Val="simulation"/>
      </FileInfo>
    </File>
    <File Path="$PSRCDIR/sources_1/new/adc_simple.v">
      <FileInfo>
        <Attr Name="AutoDisabled" Val="1"/>
        <Attr Name="UsedIn" Val="synthesis"/>
        <Attr Name="UsedIn" Val="implementation"/>
        <Attr Name="UsedIn" Val="simulation"/>
      </FileInfo>
    </File>
    <File Path="$PSRCDIR/sources_1/new/fpga_run.v">
      <FileInfo>
        <Attr Name="AutoDisabled" Val="1"/>
        <Attr Name="UsedIn" Val="synthesis"/>
        <Attr Name="UsedIn" Val="implementation"/>
        <Attr Name="UsedIn" Val="simulation"/>
      </FileInfo>
    </File>
    <File Path="$PPRDIR/table.txt"/>
    <Config>
      <Option Name="DesignMode" Val="RTL"/>
      <Option Name="TopModule" Val="nco"/>
    </Config>
  </FileSet>
  <FileSet Name="constrs_in" Type="Constrs" RelSrcDir="$PSRCDIR/constrs_1">
    <Filter Type="Constrs"/>
    <File Path="$PPRDIR/../Downloads/digilent-xdc-master/digilent-xdc-master/Zybo-Z7-Master.xdc">
      <FileInfo>
        <Attr Name="UsedIn" Val="synthesis"/>
        <Attr Name="UsedIn" Val="implementation"/>
      </FileInfo>
    </File>
    <Config>
      <Option Name="ConstrsType" Val="XDC"/>
    </Config>
  </FileSet>
  <FileSet Name="utils" Type="Utils" RelSrcDir="$PSRCDIR/utils_1">
    <Filter Type="Utils"/>
    <Config>
      <Option Name="TopAutoSet" Val="TRUE"/>
    </Config>
  </FileSet>
  <Strategy Version="1" Minor="2">
    <StratHandle Name="Vivado Implementation Defaults" Flow="Vivado Implementation 2019"/>
    <Step Id="init_design"/>
    <Step Id="opt_design"/>
    <Step Id="power_opt_design"/>
    <Step Id="place_design"/>
    <Step Id="post_place_power_opt_design"/>
    <Step Id="phys_opt_design" EnableStepBool="1"/>
    <Step Id="route_design"/>
    <Step Id="post_route_phys_opt_design"/>
    <Step Id="write_bitstream"/>
  </Strategy>
</GenRun>
